5KB.txt,10KB.txt,100KB.txt,200KB.txt,500KB.txt,1MB.txt,10MB.txt
0.13149142265319824,0.09785199165344238,0.09662199020385742,0.11174416542053223,0.17374539375305176,0.26485490798950195,3.8670554161071777
0.09316325187683105,0.09398174285888672,0.10142278671264648,0.11856675148010254,0.18052244186401367,0.27152562141418457,3.8233492374420166
0.09215331077575684,0.10216164588928223,0.1100156307220459,0.12112307548522949,0.17286014556884766,0.27968311309814453,3.8511486053466797
0.09779691696166992,0.10731363296508789,0.09945082664489746,0.12116408348083496,0.1706554889678955,0.26825761795043945,3.85017466545105
0.09136748313903809,0.1024482250213623,0.1040029525756836,0.11322569847106934,0.17341208457946777,0.2718379497528076,3.851174831390381
