5KB.txt,10KB.txt,100KB.txt,200KB.txt,500KB.txt,1MB.txt,10MB.txt
0.015599250793457031,0.011387348175048828,0.01826786994934082,0.02755594253540039,0.05402565002441406,0.10080671310424805,3.5386805534362793
0.01271963119506836,0.010999441146850586,0.019245147705078125,0.02801823616027832,0.054778099060058594,0.10050463676452637,3.5393574237823486
0.013203620910644531,0.011377096176147461,0.02039790153503418,0.028788328170776367,0.055579185485839844,0.10939311981201172,3.5401670932769775
0.012363910675048828,0.011935234069824219,0.01891779899597168,0.027962446212768555,0.0550539493560791,0.10959291458129883,3.541093349456787
0.010698318481445312,0.012011051177978516,0.019463062286376953,0.02779245376586914,0.053781747817993164,0.09908318519592285,3.5407352447509766
