5KB.txt,10KB.txt,100KB.txt,200KB.txt,500KB.txt,1MB.txt,10MB.txt
0.1182701587677002,0.09897947311401367,0.1953897476196289,0.2628774642944336,1.0839171409606934,1.61572265625,36.85263180732727
0.0934290885925293,0.09560036659240723,0.17758750915527344,0.2730848789215088,1.091400384902954,1.6400339603424072,36.92861461639404
0.09491419792175293,0.10353660583496094,0.18199825286865234,0.2668600082397461,1.0009582042694092,1.656463861465454,36.74080014228821
0.1290912628173828,0.09292101860046387,0.19203925132751465,0.27304649353027344,1.0807971954345703,1.6545310020446777,37.47600793838501
0.09574747085571289,0.0947113037109375,0.18992352485656738,0.27605438232421875,1.114936351776123,1.6548817157745361,37.28508734703064
