5KB.txt,10KB.txt,100KB.txt,200KB.txt,500KB.txt,1MB.txt,10MB.txt
0.020251989364624023,0.020463943481445312,0.09783315658569336,0.1518268585205078,0.4502675533294678,0.8636679649353027,35.29120993614197
0.01453399658203125,0.018826961517333984,0.09909200668334961,0.1760575771331787,0.44901037216186523,0.9152491092681885,35.273693799972534
0.014232397079467773,0.01981377601623535,0.09980034828186035,0.21547508239746094,0.44896697998046875,0.8511514663696289,35.27475547790527
0.013075590133666992,0.01894545555114746,0.0985875129699707,0.15174221992492676,0.4490370750427246,0.8901700973510742,35.271103858947754
0.013487100601196289,0.018715620040893555,0.09899139404296875,0.20418953895568848,0.44994354248046875,0.8903672695159912,35.27599310874939
