5KB.txt,10KB.txt,100KB.txt,200KB.txt,500KB.txt,1MB.txt,10MB.txt
0.018119096755981445,0.0184478759765625,0.09789419174194336,0.1519629955291748,0.4455225467681885,0.8481178283691406,35.2752001285553
0.014431953430175781,0.018491506576538086,0.0980079174041748,0.1751420497894287,0.47115397453308105,0.8936595916748047,35.274834871292114
0.013696670532226562,0.017626285552978516,0.09132981300354004,0.21591997146606445,0.4498603343963623,0.8832764625549316,35.27560901641846
0.013189554214477539,0.019011974334716797,0.09238076210021973,0.15327882766723633,0.44949936866760254,0.8838183879852295,35.274876832962036
0.012899160385131836,0.018205881118774414,0.09904861450195312,0.1764824390411377,0.44494128227233887,0.9157769680023193,35.270817279815674
