5KB.txt,10KB.txt,100KB.txt,200KB.txt,500KB.txt,1MB.txt,10MB.txt
0.13701176643371582,0.0989079475402832,0.18566226959228516,0.2657606601715088,1.143028974533081,1.6479551792144775,37.45405030250549
0.10411858558654785,0.09810924530029297,0.1847546100616455,0.26851558685302734,1.1182219982147217,1.7681176662445068,36.87668585777283
0.11810088157653809,0.09333634376525879,0.17338299751281738,0.2714858055114746,0.9841928482055664,1.6125516891479492,37.52069115638733
0.09298300743103027,0.1012716293334961,0.17903566360473633,0.28109216690063477,1.0819811820983887,1.7250032424926758,37.17806887626648
0.09032893180847168,0.09424233436584473,0.17298293113708496,0.2689330577850342,1.0837960243225098,1.7091484069824219,37.344112157821655
