5KB.txt,10KB.txt,100KB.txt,200KB.txt,500KB.txt
0.06603741645812988,0.116851806640625,0.6972956657409668,1.9872453212738037,4.042139530181885
0.0704495906829834,0.10893964767456055,0.9021925926208496,1.5431997776031494,4.468512296676636
0.06597423553466797,0.11012744903564453,0.9031960964202881,2.0271031856536865,4.430889129638672
0.06477618217468262,0.10942292213439941,0.9038071632385254,1.5425105094909668,4.4308021068573
0.06531548500061035,0.11009073257446289,0.9024298191070557,2.026937961578369,4.4295127391815186
