5KB.txt,10KB.txt,100KB.txt,200KB.txt,500KB.txt
0.18906712532043457,0.20745611190795898,2.8909318447113037,3.8065578937530518,10.88715410232544
0.2092118263244629,0.21750450134277344,2.885162115097046,3.8281092643737793,11.168635845184326
0.21170449256896973,0.20675086975097656,2.896270513534546,3.818695545196533,10.913753271102905
0.20886468887329102,0.2096109390258789,2.888637065887451,3.703603506088257,10.911656856536865
0.2067122459411621,0.2149658203125,2.8985564708709717,3.826979875564575,10.912346601486206
